{
  "_runtime": 26369.507505052,
  "_step": 400,
  "_timestamp": 1779501295.7646787,
  "_wandb": "{'runtime': 26369}",
  "actor/entropy": 0.18024802985398664,
  "actor/grad_norm": 0.3652571439743042,
  "actor/kl_coef": 0.001,
  "actor/kl_loss": 0.24360176920890808,
  "actor/lr": 1e-06,
  "actor/pg_clipfrac": 0.0003815140422059061,
  "actor/pg_clipfrac_lower": 0,
  "actor/pg_loss": 0.012061581400263569,
  "actor/ppo_kl": 5.985363538516338e-06,
  "critic/advantages/max": 1.6201815605163574,
  "critic/advantages/mean": -0.011608743108808994,
  "critic/advantages/min": -2.4748666286468506,
  "critic/returns/max": 1.6201815605163574,
  "critic/returns/mean": -0.011608743108808994,
  "critic/returns/min": -2.4748666286468506,
  "critic/rewards/max": 1,
  "critic/rewards/mean": 0.88671875,
  "critic/rewards/min": 0,
  "critic/score/max": 1,
  "critic/score/mean": 0.88671875,
  "critic/score/min": 0,
  "critic/score/under_16k": 0.88671875,
  "critic/score/under_2k": 0.88671875,
  "critic/score/under_4k": 0.88671875,
  "critic/score/under_8k": 0.88671875,
  "difficulty/0_length/unknown": 790.5689655172414,
  "difficulty/0_verification/unknown": 3.396551724137931,
  "difficulty/1_length/unknown": 597.5,
  "difficulty/1_verification/unknown": 1.2599118942731278,
  "difficulty/length/unknown": 619.37109375,
  "difficulty/reward/unknown": 0.88671875,
  "difficulty/verification/unknown": 1.501953125,
  "difficulty/zero_advantage_ratio/unknown": 0.828125,
  "global_seqlen/balanced_max": 360190,
  "global_seqlen/balanced_min": 360190,
  "global_seqlen/max": 360190,
  "global_seqlen/mean": 360190,
  "global_seqlen/min": 360190,
  "global_seqlen/minmax_diff": 0,
  "perf/cpu_memory_used_gb": 36.08075714111328,
  "perf/max_memory_allocated_gb": 80.27488374710083,
  "perf/max_memory_reserved_gb": 106.244140625,
  "perf/mfu/actor": 0,
  "perf/throughput": 892.7129383014823,
  "perf/time_per_step": 403.47796536399983,
  "perf/total_num_tokens": 360190,
  "prompt_length/clip_ratio": 0,
  "prompt_length/max": 134,
  "prompt_length/mean": 84.125,
  "prompt_length/min": 45,
  "response_length/clip_ratio": 0.056640625,
  "response_length/max": 1024,
  "response_length/mean": 619.37109375,
  "response_length/min": 273,
  "steps/compute_matched_steps": 127838784,
  "steps/steps": 400,
  "timing_per_token_ms/adv": 0.0003171324995152218,
  "timing_per_token_ms/gen": 0.09803811285389814,
  "timing_per_token_ms/ref": 0.01321941793775788,
  "timing_per_token_ms/update_actor": 0.04904785310530295,
  "timing_s/adv": 0.11422795500038774,
  "timing_s/gen": 31.089650272002473,
  "timing_s/old_log_prob": 4.544350203002978,
  "timing_s/ref": 4.761502147001011,
  "timing_s/save_checkpoint": 40.95148528600112,
  "timing_s/step": 403.47796536399983,
  "timing_s/testing": 304.32650968300004,
  "timing_s/update_actor": 17.66654620999907,
  "val/generations": "{'_latest_artifact_path': 'wandb-client-artifact://tbswk26pb4yvdj5n851eg8wi1wwvu65rikhhqvtstvvsxhhkxzoxha2gbdm9ai2f1vfm49rkdxkbmliupej9dtoeo4r0obaooqx6nl40tptxi2jcjh04tf459udynanm:latest/val/generations.table.json', '_type': 'table-file', 'artifact_path': 'wandb-client-artifact://1cy1oaxe6taxcdxvm997hj3dpu17x0hqyxbii50azpcryunsms1vgdwpbuacyyhmyeochdg7vf74js2daubm3d7w335b2aegv078d3tvt10kqccrrj3ccyxzcfekviff/val/generations.table.json', 'log_mode': 'IMMUTABLE', 'ncols': 10, 'nrows': 5, 'path': 'media/table/val/generations_399_758709a8bb3d36687790.table.json', 'sha256': '758709a8bb3d366877909dfc93781fcdbdfa5ccc667965aa74deddef2f328d1b', 'size': 38287}",
  "val/openai/gsm8k/0_length/mean": 837.6830122591944,
  "val/openai/gsm8k/0_length/unknown": 837.6830122591944,
  "val/openai/gsm8k/1_length/mean": 584.0743889479278,
  "val/openai/gsm8k/1_length/unknown": 584.0743889479278,
  "val/openai/gsm8k/length/mean": 611.5214177407126,
  "val/openai/gsm8k/length/unknown": 611.5214177407126,
  "val/openai/gsm8k/reward/mean": 0.8917740712661106,
  "val/openai/gsm8k/reward/unknown": 0.8917740712661106,
  "val/openai/gsm8k/test_score/": 0.8917740712661106,
  "val/openai/gsm8k/test_score/unknown": 0.8917740712661106
}