{"val/openai/gsm8k/1_length/mean":640.8505697699419,"global_seqlen/balanced_max":383320,"actor/pg_clipfrac_lower":0,"val/generations":{"size":40987,"log_mode":"IMMUTABLE","sha256":"053886f00133e8cad04fb58d3a7698053471262229ecb611da51c04e69d3a690","artifact_path":"wandb-client-artifact://l95mfzuikn3h6ogs9yfes0am0claws5f36qg3ud78fk2leyf49ukmvk5ebdmja56f1zfxco256g1jigb6gfv3cqgxkibuxz3h6l14wa79r8afl160qb1yam41etrf93r/val/generations.table.json","_latest_artifact_path":"wandb-client-artifact://7jwgkk2qqyedhvk8zkrg4y1q4vq9hynmpjfokudrgw6ny033z18pe5r0304jzvsj96yiegum8ncxhjsj1r9ctgce8lfc16gxbrkenhtubiowq85bo6ec4zh1tudy664t:latest/val/generations.table.json","_type":"table-file","path":"media/table/val/generations_399_053886f00133e8cad04f.table.json","nrows":5,"ncols":10},"timing_s/adv":0.11784114300098736,"perf/cpu_memory_used_gb":36.609371185302734,"actor/grad_norm":0.19282592833042145,"_step":400,"difficulty/0_verification/unknown":1.7794117647058822,"val/openai/gsm8k/0_length/unknown":844.2128,"critic/score/max":1,"global_seqlen/minmax_diff":0,"critic/returns/max":2.4748666286468506,"critic/score/mean":0.8671875,"critic/score/under_2k":0.8671875,"difficulty/zero_advantage_ratio/unknown":0.84375,"difficulty/verification/unknown":0.724609375,"timing_s/old_log_prob":4.581876964002731,"val/openai/gsm8k/reward/mean":0.8815390447308568,"perf/mfu/actor":0,"critic/score/min":0,"global_seqlen/max":383320,"critic/score/under_4k":0.8671875,"critic/rewards/max":1,"_timestamp":1.7805348684874887e+09,"actor/kl_coef":0.001,"critic/score/under_8k":0.8671875,"val/openai/gsm8k/length/unknown":664.941053828658,"response_length/max":1024,"critic/rewards/mean":0.8671875,"prompt_length/mean":83.765625,"val/openai/gsm8k/0_length/mean":844.2128,"difficulty/0_length/unknown":832.7352941176471,"response_length/min":282,"actor/ppo_kl":5.6271106132044224e-05,"critic/advantages/mean":-0.011818022467195988,"_runtime":25388.348527075,"val/openai/gsm8k/length/mean":664.941053828658,"critic/returns/mean":-0.011818022467195988,"prompt_length/clip_ratio":0,"difficulty/length/unknown":664.90625,"global_seqlen/balanced_min":383320,"timing_s/update_actor":16.82894877199942,"actor/kl_loss":0.2026739865541458,"difficulty/1_length/unknown":639.2027027027027,"perf/time_per_step":420.6187365540027,"critic/advantages/max":2.4748666286468506,"response_length/clip_ratio":0.06640625,"perf/max_memory_reserved_gb":163.384765625,"perf/total_num_tokens":383320,"perf/max_memory_allocated_gb":137.70556592941284,"timing_s/step":420.6187365540027,"timing_s/testing":315.44155736099856,"global_seqlen/mean":383320,"val/openai/gsm8k/1_length/unknown":640.8505697699419,"val/openai/gsm8k/reward/unknown":0.8815390447308568,"val/openai/gsm8k/test_score/unknown":0.8815390447308568,"response_length/mean":664.90625,"difficulty/reward/unknown":0.8671875,"_wandb":{"runtime":25388},"actor/pg_clipfrac":0.0001488957010830442,"prompt_length/min":47,"actor/pg_loss":0.011771067632556273,"prompt_length/max":133,"critic/returns/min":-2.4748666286468506,"actor/entropy":0.15033729188144207,"timing_per_token_ms/gen":0.09782443761749125,"global_seqlen/min":383320,"difficulty/1_verification/unknown":0.5630630630630631,"steps/compute_matched_steps":138018296,"perf/throughput":911.3241201293611,"timing_per_token_ms/ref":0.012494852418348275,"timing_s/gen":33.30256894699778,"timing_s/save_checkpoint":45.53527525000027,"critic/rewards/min":0,"timing_s/ref":4.789526829001261,"val/openai/gsm8k/test_score/":0.8815390447308568,"actor/lr":1e-06,"critic/advantages/min":-2.4748666286468506,"timing_per_token_ms/update_actor":0.04390313255765267,"steps/steps":400,"critic/score/under_16k":0.8671875,"timing_per_token_ms/adv":0.0003074223703458921}