{"critic/score/max":1,"actor/pg_clipfrac_lower":0,"difficulty/reward/unknown":0.8828125,"_timestamp":1.7805348229502277e+09,"response_length/mean":674.41015625,"difficulty/1_length/unknown":649.5973451327434,"actor/ppo_kl":-2.8669718166914513e-06,"actor/entropy":0.1313921728481849,"critic/returns/max":2.4748666286468506,"val/openai/gsm8k/length/mean":686.418119787718,"val/openai/gsm8k/1_length/mean":659.9159519725557,"_wandb":{"runtime":25337},"difficulty/verification/unknown":1.626953125,"critic/rewards/max":1,"timing_s/adv":0.12435134900078992,"perf/throughput":899.3425405100496,"difficulty/length/unknown":674.41015625,"steps/compute_matched_steps":132705925,"val/openai/gsm8k/reward/mean":0.8840030326004549,"actor/lr":1e-06,"global_seqlen/mean":388370,"_step":400,"critic/score/mean":0.8828125,"response_length/min":378,"difficulty/zero_advantage_ratio/unknown":0.8125,"timing_s/ref":4.863806058998307,"critic/returns/mean":-0.00891848374158144,"timing_per_token_ms/update_actor":0.04512483832170182,"timing_per_token_ms/gen":0.0961851542957101,"perf/max_memory_allocated_gb":130.72363710403442,"timing_s/save_checkpoint":49.60040871700039,"critic/advantages/min":-2.4748666286468506,"critic/rewards/mean":0.8828125,"timing_s/update_actor":17.525133458999335,"actor/pg_clipfrac":0.0003332299787264977,"global_seqlen/min":388370,"prompt_length/mean":84.125,"val/openai/gsm8k/0_length/mean":888.3888888888889,"perf/mfu/actor":0,"critic/returns/min":-2.4748666286468506,"critic/advantages/mean":-0.00891848374158144,"timing_s/old_log_prob":4.665322555996681,"perf/time_per_step":431.8376842039979,"critic/score/min":0,"critic/score/under_2k":0.8828125,"global_seqlen/balanced_min":388370,"val/generations":{"artifact_path":"wandb-client-artifact://o3vqsc76u495zof9k3apg27dfduqf4zxyhu8xiycwjqs35brt4srafihjmmb751m5jo2nkkw7opicvbb5bj88ubgr56oh8k7jet2764nv3cey0w1743rgxj3c5342uau/val/generations.table.json","log_mode":"IMMUTABLE","_type":"table-file","path":"media/table/val/generations_399_c5bb6b17febe99dfeb6b.table.json","ncols":10,"sha256":"c5bb6b17febe99dfeb6bc3440d049e9872a61be308d304905b78024e32d3a12d","_latest_artifact_path":"wandb-client-artifact://5seciv1wt9shwk5odqfm5ahue386squ6gzebvdg8zs8yoxf9brcsc834fwyizjq2vtpcutb81duhatih4jpbgsg25qf8v1ku7fpxp2utpskxwbedyoq9plrrfodq7gh2:latest/val/generations.table.json","nrows":5,"size":40537},"difficulty/1_verification/unknown":1.3849557522123894,"perf/max_memory_reserved_gb":156.904296875,"global_seqlen/minmax_diff":0,"timing_s/step":431.8376842039979,"actor/kl_loss":0.17028027772903442,"difficulty/0_verification/unknown":3.45,"actor/pg_loss":0.00902427633991465,"critic/score/under_8k":0.8828125,"steps/steps":400,"timing_per_token_ms/ref":0.0125236399799117,"critic/rewards/min":0,"global_seqlen/balanced_max":388370,"global_seqlen/max":388370,"prompt_length/max":134,"timing_s/testing":321.82326112100054,"val/openai/gsm8k/test_score/unknown":0.8840030326004549,"critic/advantages/max":2.4748666286468506,"perf/total_num_tokens":388370,"val/openai/gsm8k/test_score/":0.8840030326004549,"difficulty/0_length/unknown":861.3333333333334,"critic/score/under_4k":0.8828125,"response_length/clip_ratio":0.078125,"response_length/max":1024,"val/openai/gsm8k/1_length/unknown":659.9159519725557,"prompt_length/clip_ratio":0,"perf/cpu_memory_used_gb":36.535858154296875,"val/openai/gsm8k/reward/unknown":0.8840030326004549,"timing_s/gen":33.21254140800011,"critic/score/under_16k":0.8828125,"timing_per_token_ms/adv":0.00032018783376880274,"actor/kl_coef":0.001,"actor/grad_norm":0.3246864378452301,"val/openai/gsm8k/length/unknown":686.418119787718,"_runtime":25337.715492125,"val/openai/gsm8k/0_length/unknown":888.3888888888889,"prompt_length/min":45}