Track,Total Steps,Final Val Accuracy,Best Val Accuracy,Mean Response Length,Max Response Length,Mean Clip Ratio,Mean Time/Step (s),Mean Reward,Mean Entropy
Clean,150,0.7975739196360879,0.7975739196360879,476.65017803996597,665.3388671875,0.08466198979591837,81.31279621306125,0.7886439732142857,0.342049576800267
Mixed,150,0.796057619408643,0.796057619408643,491.89863932291667,681.0126953125,0.08697265625,74.44940802293335,0.7757421875,0.32822217821067123
