Step,Track A Val Reward,Track B Val Reward,Track A Resp Length,Track B Resp Length
25,0.7073540561031084,0.6982562547384382,499.779296875,479.5087890625
50,0.7498104624715694,0.7384382107657316,427.537109375,457.3759765625
75,0.7528430629264594,0.7513267626990144,521.2607421875,470.765625
100,0.775587566338135,0.759666413949962,436.978515625,480.19140625
125,0.7581501137225171,0.7778620166793025,443.4033203125,443.25
150,0.7975739196360879,0.796057619408643,459.9453125,462.2763671875
