Step,Track A Val Reward,Track B Val Reward,Track A Resp Length,Track B Resp Length
0,0.003601213040181956,0.003601213040181956,,
100,0.854814253222138,0.8432524639878696,644.328125,583.0
200,0.8678923426838514,0.8694086429112965,616.720703125,622.00390625
300,0.875284306292646,0.884950720242608,588.86328125,606.212890625
400,0.8815390447308568,0.8840030326004549,664.90625,674.41015625
