Track,Total Steps,Final Val Accuracy,Best Val Accuracy,Mean Response Length,Max Response Length,Mean Clip Ratio,Mean Time/Step (s),Mean Reward,Mean Entropy
Clean,400,0.8815390447308568,0.8815390447308568,675.5797265625,937.61328125,0.125244140625,62.35489361716005,0.866083984375,0.10552200953830884
Mixed,400,0.8840030326004549,0.884950720242608,649.6641748046875,912.998046875,0.126279296875,62.13223201368251,0.855986328125,0.097699028362703
