{
  "_runtime": 28996.525342379,
  "_step": 243,
  "_timestamp": 1779502211.9243572,
  "_wandb": "{'runtime': 28996}",
  "actor/entropy": 0.11645675422968688,
  "actor/grad_norm": 0.3973068296909332,
  "actor/kl_coef": 0.001,
  "actor/kl_loss": 0.14348408579826355,
  "actor/lr": 1e-06,
  "actor/pg_clipfrac": 0.0004632642403184609,
  "actor/pg_clipfrac_lower": 2.5434031461675963e-06,
  "actor/pg_loss": 0.0049957212888532216,
  "actor/ppo_kl": 6.419060659473635e-05,
  "critic/advantages/max": 2.4748666286468506,
  "critic/advantages/mean": -0.004804778844118118,
  "critic/advantages/min": -2.4748666286468506,
  "critic/returns/max": 2.4748666286468506,
  "critic/returns/mean": -0.004804778844118118,
  "critic/returns/min": -2.4748666286468506,
  "critic/rewards/max": 1,
  "critic/rewards/mean": 0.875,
  "critic/rewards/min": 0,
  "critic/score/max": 1,
  "critic/score/mean": 0.875,
  "critic/score/min": 0,
  "critic/score/under_16k": 0.875,
  "critic/score/under_2k": 0.875,
  "critic/score/under_4k": 0.875,
  "critic/score/under_8k": 0.875,
  "difficulty/0_length/unknown": 965.6875,
  "difficulty/0_verification/unknown": 4.328125,
  "difficulty/1_length/unknown": 745.90625,
  "difficulty/1_verification/unknown": 2.185267857142857,
  "difficulty/length/unknown": 773.37890625,
  "difficulty/reward/unknown": 0.875,
  "difficulty/verification/unknown": 2.453125,
  "difficulty/zero_advantage_ratio/unknown": 0.859375,
  "global_seqlen/balanced_max": 437498,
  "global_seqlen/balanced_min": 437498,
  "global_seqlen/max": 437498,
  "global_seqlen/mean": 437498,
  "global_seqlen/min": 437498,
  "global_seqlen/minmax_diff": 0,
  "perf/cpu_memory_used_gb": 35.882102966308594,
  "perf/max_memory_allocated_gb": 80.35480976104736,
  "perf/max_memory_reserved_gb": 106.474609375,
  "perf/mfu/actor": 0,
  "perf/throughput": 4578.6391856900955,
  "perf/time_per_step": 95.55197128599684,
  "perf/total_num_tokens": 437498,
  "prompt_length/clip_ratio": 0,
  "prompt_length/max": 165,
  "prompt_length/mean": 81.109375,
  "prompt_length/min": 55,
  "response_length/clip_ratio": 0.265625,
  "response_length/max": 1024,
  "response_length/mean": 773.37890625,
  "response_length/min": 301,
  "steps/compute_matched_steps": 102788428,
  "steps/steps": 243,
  "timing_per_token_ms/adv": 0.00042372167643837407,
  "timing_per_token_ms/gen": 0.1459775036265348,
  "timing_per_token_ms/ref": 0.02337043930486943,
  "timing_per_token_ms/update_actor": 0.049526382351465774,
  "timing_s/adv": 0.18537738599843576,
  "timing_s/gen": 57.80271211099898,
  "timing_s/old_log_prob": 5.635757658001239,
  "timing_s/ref": 10.224520455001766,
  "timing_s/save_checkpoint": 87.46863950699844,
  "timing_s/step": 95.55197128599684,
  "timing_s/testing": 639.694316500998,
  "timing_s/update_actor": 21.667693226001575,
  "val/generations": "{'_latest_artifact_path': 'wandb-client-artifact://2p0enq0ag8oul90vhqapiga7bx7a76td169dnziaxjilnrf515p20s5k2f4viqre1y7etrarz1b0gn4p512o31btoojcb2k2uy3gwclqxekwa7e2o7v0oh0ykoaiy2hm:latest/val/generations.table.json', '_type': 'table-file', 'artifact_path': 'wandb-client-artifact://wlhvh22287c4k8ty8i5bb7a988talb7hfqq8h5emr3ptzehzjr1xn7h7623f5pxoaroc1muaoksrdjx19653d5zrdg3n8t2d62i6l3a49wgf34f3t1kgb8vmbvmesg01/val/generations.table.json', 'log_mode': 'IMMUTABLE', 'ncols': 10, 'nrows': 3, 'path': 'media/table/val/generations_199_e29873a138ba2fc1bc6c.table.json', 'sha256': 'e29873a138ba2fc1bc6ce5032561b1472a1b15f93728913d38452155382d490d', 'size': 30326}",
  "val/openai/gsm8k/0_length/mean": 992.2708333333334,
  "val/openai/gsm8k/0_length/unknown": 992.2708333333334,
  "val/openai/gsm8k/1_length/mean": 922.7208077260756,
  "val/openai/gsm8k/1_length/unknown": 922.7208077260756,
  "val/openai/gsm8k/length/mean": 932.212092494314,
  "val/openai/gsm8k/length/unknown": 932.212092494314,
  "val/openai/gsm8k/reward/mean": 0.8635329795299469,
  "val/openai/gsm8k/reward/unknown": 0.8635329795299469,
  "val/openai/gsm8k/test_score/": 0.8635329795299469,
  "val/openai/gsm8k/test_score/unknown": 0.8635329795299469
}