{
  "_runtime": 66267.929568657,
  "_step": 400,
  "_timestamp": 1779974563.8872402,
  "_wandb": "{'runtime': 66267}",
  "actor/entropy": 0.1316688678537806,
  "actor/grad_norm": 0.2685924470424652,
  "actor/kl_coef": 0.001,
  "actor/kl_loss": 0.10125931352376938,
  "actor/lr": 1e-06,
  "actor/pg_clipfrac": 0.001154205134904866,
  "actor/pg_clipfrac_lower": 4.237583046536504e-06,
  "actor/pg_loss": 0.007604839648896207,
  "actor/ppo_kl": -8.889390310666083e-05,
  "critic/advantages/max": 2.4748666286468506,
  "critic/advantages/mean": -0.0073334346525371075,
  "critic/advantages/min": -2.4748666286468506,
  "critic/returns/max": 2.4748666286468506,
  "critic/returns/mean": -0.0073334346525371075,
  "critic/returns/min": -2.4748666286468506,
  "critic/rewards/max": 1,
  "critic/rewards/mean": 0.744140625,
  "critic/rewards/min": 0,
  "critic/score/max": 1,
  "critic/score/mean": 0.744140625,
  "critic/score/min": 0,
  "critic/score/under_16k": 0.744140625,
  "critic/score/under_2k": 0.744140625,
  "critic/score/under_4k": 0.744140625,
  "critic/score/under_8k": 0.744140625,
  "difficulty/0_length/unknown": 1952.2748091603053,
  "difficulty/0_verification/unknown": 8.183206106870228,
  "difficulty/1_length/unknown": 1153.8005249343832,
  "difficulty/1_verification/unknown": 1.6614173228346456,
  "difficulty/length/unknown": 1358.09765625,
  "difficulty/reward/unknown": 0.744140625,
  "difficulty/verification/unknown": 3.330078125,
  "difficulty/zero_advantage_ratio/unknown": 0.78125,
  "global_seqlen/balanced_max": 745706,
  "global_seqlen/balanced_min": 745706,
  "global_seqlen/max": 745706,
  "global_seqlen/mean": 745706,
  "global_seqlen/min": 745706,
  "global_seqlen/minmax_diff": 0,
  "perf/cpu_memory_used_gb": 36.39916229248047,
  "perf/max_memory_allocated_gb": 108.80443572998048,
  "perf/max_memory_reserved_gb": 117.30859375,
  "perf/mfu/actor": 0,
  "perf/throughput": 1450.2911915116592,
  "perf/time_per_step": 514.1767421359982,
  "perf/total_num_tokens": 745706,
  "prompt_length/clip_ratio": 0,
  "prompt_length/max": 328,
  "prompt_length/mean": 98.359375,
  "prompt_length/min": 33,
  "response_length/clip_ratio": 0.291015625,
  "response_length/max": 2048,
  "response_length/mean": 1358.09765625,
  "response_length/min": 454,
  "steps/compute_matched_steps": 295995123,
  "steps/steps": 400,
  "timing_per_token_ms/adv": 0.0002586346375074184,
  "timing_per_token_ms/gen": 0.1419320314174499,
  "timing_per_token_ms/ref": 0.013021763720553673,
  "timing_per_token_ms/update_actor": 0.04672471841984909,
  "timing_s/adv": 0.19286540099710692,
  "timing_s/gen": 98.69187031799812,
  "timing_s/old_log_prob": 9.17090252599155,
  "timing_s/ref": 9.710407336999197,
  "timing_s/save_checkpoint": 45.076774701999966,
  "timing_s/step": 514.1767421359982,
  "timing_s/testing": 316.4644427680032,
  "timing_s/update_actor": 34.84290287399199,
  "val/HuggingFaceH4/MATH-500/0_length/mean": 1883.6882591093115,
  "val/HuggingFaceH4/MATH-500/0_length/unknown": 1883.6882591093115,
  "val/HuggingFaceH4/MATH-500/1_length/mean": 1200.4979919678717,
  "val/HuggingFaceH4/MATH-500/1_length/unknown": 1200.4979919678717,
  "val/HuggingFaceH4/MATH-500/length/mean": 1370.264587525151,
  "val/HuggingFaceH4/MATH-500/length/unknown": 1370.264587525151,
  "val/HuggingFaceH4/MATH-500/reward/mean": 0.7515090543259557,
  "val/HuggingFaceH4/MATH-500/reward/unknown": 0.7515090543259557,
  "val/HuggingFaceH4/MATH-500/test_score/": 0.7515090543259557,
  "val/HuggingFaceH4/MATH-500/test_score/unknown": 0.7515090543259557,
  "val/generations": "{'_latest_artifact_path': 'wandb-client-artifact://21xvf9iumloyjaeuc91u340uvebj3ps7xbmurppbd9ltb9e843qrnirsnfdsp100ye7d870has3ik6uy9nintg7w6d2p0724rxo2bvueonz1uwjxhpzsmaxo5vhlqoxl:latest/val/generations.table.json', '_type': 'table-file', 'artifact_path': 'wandb-client-artifact://5n6x7t67r1t5ctaz2mikmhr56ms8co9sdp2at7bjc3kmvslweucgmoz1ld4is7vnrik9h71m28ethk3tbn47w28vlrpm3v1mbrzw9uvgy5x949is8sj3dqa8h8su5ulk/val/generations.table.json', 'log_mode': 'IMMUTABLE', 'ncols': 10, 'nrows': 5, 'path': 'media/table/val/generations_399_cbcd3d2dd394024fe962.table.json', 'sha256': 'cbcd3d2dd394024fe96212c41bfc64a59301a6df084470f097e2192bbd3b5e05', 'size': 69464}"
}