{
  "_runtime": 55442.667956556,
  "_step": 400,
  "_timestamp": 1779987196.6582074,
  "_wandb": "{'runtime': 55442}",
  "actor/entropy": 0.13580519591386503,
  "actor/grad_norm": 0.2910710573196411,
  "actor/kl_coef": 0.001,
  "actor/kl_loss": 0.11332813650369644,
  "actor/lr": 1e-06,
  "actor/pg_clipfrac": 0.0008189324065684699,
  "actor/pg_clipfrac_lower": 0,
  "actor/pg_loss": 0.008120170575029288,
  "actor/ppo_kl": -5.488399110967853e-05,
  "critic/advantages/max": 2.4748666286468506,
  "critic/advantages/mean": -0.007969245314598083,
  "critic/advantages/min": -2.4748666286468506,
  "critic/returns/max": 2.4748666286468506,
  "critic/returns/mean": -0.007969245314598083,
  "critic/returns/min": -2.4748666286468506,
  "critic/rewards/max": 1,
  "critic/rewards/mean": 0.689453125,
  "critic/rewards/min": 0,
  "critic/score/max": 1,
  "critic/score/mean": 0.689453125,
  "critic/score/min": 0,
  "critic/score/under_16k": 0.689453125,
  "critic/score/under_2k": 0.689453125,
  "critic/score/under_4k": 0.689453125,
  "critic/score/under_8k": 0.689453125,
  "difficulty/0_length/unknown": 1880.8364779874216,
  "difficulty/0_verification/unknown": 4.962264150943396,
  "difficulty/1_length/unknown": 1269.815864022663,
  "difficulty/1_verification/unknown": 1.793201133144476,
  "difficulty/length/unknown": 1459.56640625,
  "difficulty/reward/unknown": 0.689453125,
  "difficulty/verification/unknown": 2.77734375,
  "difficulty/zero_advantage_ratio/unknown": 0.78125,
  "global_seqlen/balanced_max": 794410,
  "global_seqlen/balanced_min": 794410,
  "global_seqlen/max": 794410,
  "global_seqlen/mean": 794410,
  "global_seqlen/min": 794410,
  "global_seqlen/minmax_diff": 0,
  "perf/cpu_memory_used_gb": 36.1949577331543,
  "perf/max_memory_allocated_gb": 165.21657943725586,
  "perf/max_memory_reserved_gb": 213.111328125,
  "perf/mfu/actor": 0,
  "perf/throughput": 1515.8108614013163,
  "perf/time_per_step": 524.0825357759968,
  "perf/total_num_tokens": 794410,
  "prompt_length/clip_ratio": 0,
  "prompt_length/max": 308,
  "prompt_length/mean": 92.015625,
  "prompt_length/min": 31,
  "response_length/clip_ratio": 0.3125,
  "response_length/max": 2048,
  "response_length/mean": 1459.56640625,
  "response_length/min": 395,
  "steps/compute_matched_steps": 299152903,
  "steps/steps": 400,
  "timing_per_token_ms/adv": 0.00027215601012374463,
  "timing_per_token_ms/gen": 0.11110448875282056,
  "timing_per_token_ms/ref": 0.012040304086051676,
  "timing_per_token_ms/update_actor": 0.04355907717803249,
  "timing_s/adv": 0.216203456002404,
  "timing_s/gen": 83.0281622360053,
  "timing_s/old_log_prob": 9.330463689999306,
  "timing_s/ref": 9.564937969000312,
  "timing_s/save_checkpoint": 58.59071913200023,
  "timing_s/step": 524.0825357759968,
  "timing_s/testing": 328.7055484360026,
  "timing_s/update_actor": 34.60376650100079,
  "val/HuggingFaceH4/MATH-500/0_length/mean": 1870.0920770877945,
  "val/HuggingFaceH4/MATH-500/0_length/unknown": 1870.0920770877945,
  "val/HuggingFaceH4/MATH-500/1_length/mean": 1250.8803418803418,
  "val/HuggingFaceH4/MATH-500/1_length/unknown": 1250.8803418803418,
  "val/HuggingFaceH4/MATH-500/length/mean": 1396.3390342052314,
  "val/HuggingFaceH4/MATH-500/length/unknown": 1396.3390342052314,
  "val/HuggingFaceH4/MATH-500/reward/mean": 0.7650905432595574,
  "val/HuggingFaceH4/MATH-500/reward/unknown": 0.7650905432595574,
  "val/HuggingFaceH4/MATH-500/test_score/": 0.7650905432595574,
  "val/HuggingFaceH4/MATH-500/test_score/unknown": 0.7650905432595574,
  "val/generations": "{'_latest_artifact_path': 'wandb-client-artifact://npyrnmv0l8pct4dhm1x5u3po34netlyyxjz2oycw8chdcnaw6rwfzer5u8np8ahex1s5h9nanqnn3cwoxc3lex6ax8kpruf87z4n449qkv8px1hzmpqnji5xooxkuq9u:latest/val/generations.table.json', '_type': 'table-file', 'artifact_path': 'wandb-client-artifact://cngv9pdl0w92m3thv0zo4x2fxfvojirotjbt6jw9b7o7tbuyxigod35hdl1ck2br8gyx8iqaqbxjz555obreqjebg1takjm649ovy318gylryrisf695cuk6ogckbfxo/val/generations.table.json', 'log_mode': 'IMMUTABLE', 'ncols': 10, 'nrows': 5, 'path': 'media/table/val/generations_399_06f0ee8835085ab0f836.table.json', 'sha256': '06f0ee8835085ab0f8366254e100f97a21a05d5e9d5dd59d6261b7964f3cbf62', 'size': 71453}"
}