{"val/openai/gsm8k/reward/mean":0.8750947687642153,"_step":400,"critic/score/under_2k":0.923828125,"timing_per_token_ms/gen":0.08874955788312905,"critic/advantages/min":-2.4748666286468506,"difficulty/length/unknown":703.09375,"critic/rewards/max":1,"response_length/clip_ratio":0.0625,"actor/lr":1e-06,"actor/kl_loss":0.14098213613033295,"critic/advantages/mean":-0.007797300815582275,"critic/score/min":0,"perf/total_num_tokens":400976,"difficulty/1_verification/unknown":0.8583509513742071,"critic/score/under_8k":0.923828125,"val/openai/gsm8k/1_length/unknown":717.5653021442495,"perf/throughput":782.7453883659023,"global_seqlen/mean":400976,"_wandb":{"runtime":7997},"critic/returns/max":2.4748666286468506,"val/openai/gsm8k/0_length/mean":920.361153262519,"perf/max_memory_reserved_gb":105.9609375,"steps/steps":400,"actor/kl_coef":0.001,"timing_s/testing":345.1634592070004,"critic/score/mean":0.923828125,"timing_s/save_checkpoint":105.45833288299946,"actor/pg_loss":0.007692107787499061,"actor/entropy":0.13040136717833006,"response_length/min":367,"timing_s/gen":31.948420845000328,"global_seqlen/max":400976,"perf/max_memory_allocated_gb":80.2942385673523,"val/openai/gsm8k/0_length/unknown":920.361153262519,"critic/rewards/min":0,"timing_s/adv":0.1040791489995172,"global_seqlen/balanced_min":400976,"timing_per_token_ms/update_actor":0.04781619907675395,"critic/rewards/mean":0.923828125,"val/openai/gsm8k/test_score/":0.8750947687642153,"val/openai/gsm8k/1_length/mean":717.5653021442495,"global_seqlen/minmax_diff":0,"difficulty/verification/unknown":0.958984375,"critic/returns/mean":-0.007797300815582275,"prompt_length/mean":80.0625,"critic/score/max":1,"global_seqlen/min":400976,"critic/returns/min":-2.4748666286468506,"_runtime":7997.810644498,"response_length/max":1024,"steps/compute_matched_steps":39944001,"actor/pg_clipfrac":0.00032060216639925225,"timing_per_token_ms/adv":0.0002595645350333117,"perf/cpu_memory_used_gb":36.220863342285156,"difficulty/reward/unknown":0.923828125,"critic/score/under_4k":0.923828125,"actor/ppo_kl":0.0001485205238728108,"val/openai/gsm8k/length/unknown":742.8955648218347,"timing_s/update_actor":19.17314824100049,"prompt_length/min":42,"difficulty/0_length/unknown":813.7179487179487,"critic/score/under_16k":0.923828125,"timing_per_token_ms/ref":0.013274877376702096,"val/openai/gsm8k/test_score/unknown":0.8750947687642153,"prompt_length/clip_ratio":0,"response_length/mean":703.09375,"critic/advantages/max":2.4748666286468506,"val/generations":{"_latest_artifact_path":"wandb-client-artifact://tl31tnfkqlh3s5ake4nmcawk45ltvkundi72prwyjgznlbpd85u6is16756obeymzit39sxmnf7ru4b1wz056gdrkotsk71ligp0u42i3trlgom7wtfllxjvdw9ut8tp:latest/val/generations.table.json","nrows":2,"artifact_path":"wandb-client-artifact://3na11ge3j6xttrg2ghk24y96px3hnbpr3ag82izdvmveqzpiri3btb6ctg2s9q7a1niaqx94acuc0jurvayiiipdlvv8lrdz8ypd8eogqggp5n85xxt0vmkrh0wpbljr/val/generations.table.json","path":"media/table/val/generations_399_4fb73457b5891152f88b.table.json","log_mode":"IMMUTABLE","_type":"table-file","ncols":10,"sha256":"4fb73457b5891152f88b4d92c2e3ba81b7f0e675871601089de4f6a94197e1bf","size":18486},"val/openai/gsm8k/reward/unknown":0.8750947687642153,"timing_s/ref":5.3229072310004995,"difficulty/zero_advantage_ratio/unknown":0.84375,"perf/mfu/actor":0,"timing_s/step":512.2687478709995,"global_seqlen/balanced_max":400976,"actor/pg_clipfrac_lower":0,"timing_s/old_log_prob":5.0809166030003325,"difficulty/1_length/unknown":693.9725158562368,"_timestamp":1.7796684015528674e+09,"prompt_length/max":146,"difficulty/0_verification/unknown":2.1794871794871793,"actor/grad_norm":0.26230356097221375,"val/openai/gsm8k/length/mean":742.8955648218347,"perf/time_per_step":512.2687478709995}